-- MySQL dump 10.13  Distrib 5.6.27, for debian-linux-gnu (x86_64)
--
-- Host: localhost    Database: collectordb
-- ------------------------------------------------------
-- Server version	5.6.27-2

/*!40101 SET @OLD_CHARACTER_SET_CLIENT=@@CHARACTER_SET_CLIENT */;
/*!40101 SET @OLD_CHARACTER_SET_RESULTS=@@CHARACTER_SET_RESULTS */;
/*!40101 SET @OLD_COLLATION_CONNECTION=@@COLLATION_CONNECTION */;
/*!40101 SET NAMES utf8 */;
/*!40103 SET @OLD_TIME_ZONE=@@TIME_ZONE */;
/*!40103 SET TIME_ZONE='+00:00' */;
/*!40014 SET @OLD_UNIQUE_CHECKS=@@UNIQUE_CHECKS, UNIQUE_CHECKS=0 */;
/*!40014 SET @OLD_FOREIGN_KEY_CHECKS=@@FOREIGN_KEY_CHECKS, FOREIGN_KEY_CHECKS=0 */;
/*!40101 SET @OLD_SQL_MODE=@@SQL_MODE, SQL_MODE='NO_AUTO_VALUE_ON_ZERO' */;
/*!40111 SET @OLD_SQL_NOTES=@@SQL_NOTES, SQL_NOTES=0 */;

--
-- Table structure for table `card_types`
--

DROP TABLE IF EXISTS `card_types`;
/*!40101 SET @saved_cs_client     = @@character_set_client */;
/*!40101 SET character_set_client = utf8 */;
CREATE TABLE `card_types` (
  `id` int(11) NOT NULL AUTO_INCREMENT,
  `name` varchar(35) DEFAULT NULL,
  `description` varchar(100) DEFAULT NULL,
  PRIMARY KEY (`id`)
) ENGINE=InnoDB AUTO_INCREMENT=12 DEFAULT CHARSET=latin1;
/*!40101 SET character_set_client = @saved_cs_client */;

--
-- Dumping data for table `card_types`
--

LOCK TABLES `card_types` WRITE;
/*!40000 ALTER TABLE `card_types` DISABLE KEYS */;
INSERT INTO `card_types` VALUES (1,'grass',NULL),(2,'fire',NULL),(3,'water',NULL),(4,'lightning',NULL),(5,'psychic',NULL),(6,'fighting',NULL),(7,'darkness',NULL),(8,'metal',NULL),(9,'colorless',NULL),(10,'fairy',NULL),(11,'dragon',NULL);
/*!40000 ALTER TABLE `card_types` ENABLE KEYS */;
UNLOCK TABLES;

--
-- Table structure for table `cards`
--

DROP TABLE IF EXISTS `cards`;
/*!40101 SET @saved_cs_client     = @@character_set_client */;
/*!40101 SET character_set_client = utf8 */;
CREATE TABLE `cards` (
  `id` int(11) NOT NULL AUTO_INCREMENT,
  `name` varchar(35) DEFAULT NULL,
  `picture` varchar(100) NOT NULL,
  `card_type` int(11) DEFAULT NULL,
  PRIMARY KEY (`id`),
  KEY `card_type` (`card_type`),
  CONSTRAINT `cards_ibfk_1` FOREIGN KEY (`card_type`) REFERENCES `card_types` (`id`) ON DELETE SET NULL
) ENGINE=InnoDB AUTO_INCREMENT=1336 DEFAULT CHARSET=latin1;
/*!40101 SET character_set_client = @saved_cs_client */;

--
-- Dumping data for table `cards`
--

LOCK TABLES `cards` WRITE;
/*!40000 ALTER TABLE `cards` DISABLE KEYS */;
INSERT INTO `cards` VALUES (157,'Snivy','images/grass/Snivy.png',1),(158,'Snivy','images/grass/Snivy.png',1),(159,'Genesect','images/grass/Genesect.png',1),(160,'Pansage','images/grass/Pansage.png',1),(161,'Pansage','images/grass/Pansage.png',1),(162,'Serperior','images/grass/Serperior.png',1),(163,'Lilligant','images/grass/Lilligant.png',1),(164,'Virizion','images/grass/Virizion.png',1),(165,'Genesect','images/grass/Genesect.png',1),(166,'Leafeon','images/grass/Leafeon.png',1),(167,'Genesect','images/grass/Genesect.png',1),(168,'Meganium','images/grass/Meganium.png',1),(169,'Chespin','images/grass/Chespin.png',1),(170,'Skiddo','images/grass/Skiddo.png',1),(171,'Celebi','images/grass/Celebi.png',1),(172,'Gogoat','images/grass/Gogoat.png',1),(173,'ChesnaughtEX','images/grass/Chesnaught-EX.png',1),(174,'Shiftry','images/grass/Shiftry.png',1),(175,'VenusaurEX','images/grass/Venusaur-EX.png',1),(176,'Treecko','images/grass/Treecko.png',1),(177,'SceptileEX','images/grass/Sceptile-EX.png',1),(178,'Chesnaught','images/grass/Chesnaught.png',1),(179,'Chespin','images/grass/Chespin.png',1),(180,'Celebi','images/grass/Celebi.png',1),(181,'Weedle','images/grass/Weedle.png',1),(182,'Beautifly','images/grass/Beautifly.png',1),(183,'Pansage','images/grass/Pansage.png',1),(184,'Chespin','images/grass/Chespin.png',1),(185,'Quilladin','images/grass/Quilladin.png',1),(186,'Chesnaught','images/grass/Chesnaught.png',1),(187,'Dustox','images/grass/Dustox.png',1),(188,'Sceptile','images/grass/Sceptile.png',1),(189,'Breloom','images/grass/Breloom.png',1),(190,'Sceptile','images/grass/Sceptile.png',1),(191,'Weezing','images/grass/Weezing.png',1),(192,'Cascoon','images/grass/Cascoon.png',1),(193,'Grovyle','images/grass/Grovyle.png',1),(194,'Grovyle','images/grass/Grovyle.png',1),(195,'Silcoon','images/grass/Silcoon.png',1),(196,'Koffing','images/grass/Koffing.png',1),(197,'Shroomish','images/grass/Shroomish.png',1),(198,'Treecko','images/grass/Treecko.png',1),(199,'Treecko','images/grass/Treecko.png',1),(200,'Wurmple','images/grass/Wurmple.png',1),(201,'Scytherex','images/grass/Scyther ex.png',1),(202,'VenusaurEX','images/grass/Venusaur-EX.png',1),(203,'Cacturne','images/grass/Cacturne.png',1),(204,'Cradily','images/grass/Cradily.png',1),(205,'Weedle','images/grass/Weedle.png',1),(206,'Kakuna','images/grass/Kakuna.png',1),(207,'Beedrill','images/grass/Beedrill.png',1),(208,'Ledyba','images/grass/Ledyba.png',1),(209,'Ledian','images/grass/Ledian.png',1),(210,'Volbeat','images/grass/Volbeat.png',1),(211,'Illumise','images/grass/Illumise.png',1),(212,'Pansage','images/grass/Pansage.png',1),(213,'Seviper','images/grass/Seviper.png',1),(214,'Simisage','images/grass/Simisage.png',1),(215,'Chespin','images/grass/Chespin.png',1),(216,'Shiftry','images/grass/Shiftry.png',1),(217,'Quilladin','images/grass/Quilladin.png',1),(218,'Chesnaught','images/grass/Chesnaught.png',1),(219,'Scatterbug','images/grass/Scatterbug.png',1),(220,'Spewpa','images/grass/Spewpa.png',1),(221,'Vivillon','images/grass/Vivillon.png',1),(222,'Skiddo','images/grass/Skiddo.png',1),(223,'Gogoat','images/grass/Gogoat.png',1),(224,'Shiftry','images/grass/Shiftry.png',1),(225,'Arbok','images/grass/Arbok.png',1),(226,'Breloom','images/grass/Breloom.png',1),(227,'Illumise','images/grass/Illumise.png',1),(228,'Lileep','images/grass/Lileep.png',1),(229,'Lileep','images/grass/Lileep.png',1),(230,'Nuzleaf','images/grass/Nuzleaf.png',1),(231,'Nuzleaf','images/grass/Nuzleaf.png',1),(232,'Volbeat','images/grass/Volbeat.png',1),(233,'Cacnea','images/grass/Cacnea.png',1),(234,'Cacnea','images/grass/Cacnea.png',1),(235,'Ekans','images/grass/Ekans.png',1),(236,'Seedot','images/grass/Seedot.png',1),(237,'Seedot','images/grass/Seedot.png',1),(238,'Shroomish','images/grass/Shroomish.png',1),(239,'VenusaurEX','images/grass/Venusaur-EX.png',1),(240,'Caterpie','images/grass/Caterpie.png',1),(241,'Metapod','images/grass/Metapod.png',1),(242,'Butterfree','images/grass/Butterfree.png',1),(243,'Pineco','images/grass/Pineco.png',1),(244,'Seedot','images/grass/Seedot.png',1),(245,'Nuzleaf','images/grass/Nuzleaf.png',1),(246,'Shiftry','images/grass/Shiftry.png',1),(247,'Roselia','images/grass/Roselia.png',1),(248,'Roselia','images/grass/Roselia.png',1),(249,'Roserade','images/grass/Roserade.png',1),(250,'Maractus','images/grass/Maractus.png',1),(251,'Shedinja','images/grass/Shedinja.png',1),(252,'Ninjask','images/grass/Ninjask.png',1),(253,'Grovyle','images/grass/Grovyle.png',1),(254,'Ninjask','images/grass/Ninjask.png',1),(255,'Grimer','images/grass/Grimer.png',1),(256,'Nincada','images/grass/Nincada.png',1),(257,'Nincada','images/grass/Nincada.png',1),(258,'Nincada','images/grass/Nincada.png',1),(259,'Pineco','images/grass/Pineco.png',1),(260,'Treecko','images/grass/Treecko.png',1),(261,'Wurmple','images/grass/Wurmple.png',1),(262,'Mukex','images/grass/Muk ex.png',1),(263,'Bellsprout','images/grass/Bellsprout.png',1),(264,'TeamAquasCacturne','images/grass/Team Aqua&#39;s Cacturne.png',1),(265,'Tepig','images/fire/Tepig.png',2),(266,'Reshiram','images/fire/Reshiram.png',2),(267,'Tepig','images/fire/Tepig.png',2),(268,'Darumaka','images/fire/Darumaka.png',2),(269,'Emboar','images/fire/Emboar.png',2),(270,'Reshiram','images/fire/Reshiram.png',2),(271,'Victini','images/fire/Victini.png',2),(272,'Reshiramex','images/fire/Reshiram ex.png',2),(273,'Volcarona','images/fire/Volcarona.png',2),(274,'Ninetales','images/fire/Ninetales.png',2),(275,'Flareon','images/fire/Flareon.png',2),(276,'HoOh','images/fire/Ho-Oh.png',2),(277,'Typhlosion','images/fire/Typhlosion.png',2),(278,'Entei','images/fire/Entei.png',2),(279,'Fennekin','images/fire/Fennekin.png',2),(280,'CharizardEX','images/fire/Charizard-EX.png',2),(281,'Moltres','images/fire/Moltres.png',2),(282,'CharizardEX','images/fire/Charizard-EX.png',2),(283,'DelphoxEX','images/fire/Delphox-EX.png',2),(284,'Pyroar','images/fire/Pyroar.png',2),(285,'CharizardEX','images/fire/Charizard-EX.png',2),(286,'Torchic','images/fire/Torchic.png',2),(287,'BlazikenEX','images/fire/Blaziken-EX.png',2),(288,'Reshiram','images/fire/Reshiram.png',2),(289,'MBlazikenEX','images/fire/M Blaziken-EX.png',2),(290,'Blaziken','images/fire/Blaziken.png',2),(291,'Camerupt','images/fire/Camerupt.png',2),(292,'Slugma','images/fire/Slugma.png',2),(293,'Pansear','images/fire/Pansear.png',2),(294,'Fennekin','images/fire/Fennekin.png',2),(295,'Braixen','images/fire/Braixen.png',2),(296,'Delphox','images/fire/Delphox.png',2),(297,'Blaziken','images/fire/Blaziken.png',2),(298,'Combusken','images/fire/Combusken.png',2),(299,'Combusken','images/fire/Combusken.png',2),(300,'Numel','images/fire/Numel.png',2),(301,'Torchic','images/fire/Torchic.png',2),(302,'Torchic','images/fire/Torchic.png',2),(303,'Magmarex','images/fire/Magmar ex.png',2),(304,'Flareon','images/fire/Flareon.png',2),(305,'Arcanine','images/fire/Arcanine.png',2),(306,'Slugma','images/fire/Slugma.png',2),(307,'Magcargo','images/fire/Magcargo.png',2),(308,'Pansear','images/fire/Pansear.png',2),(309,'Simisear','images/fire/Simisear.png',2),(310,'Fennekin','images/fire/Fennekin.png',2),(311,'Braixen','images/fire/Braixen.png',2),(312,'Delphox','images/fire/Delphox.png',2),(313,'Fletchinder','images/fire/Fletchinder.png',2),(314,'Talonflame','images/fire/Talonflame.png',2),(315,'Quilava','images/fire/Quilava.png',2),(316,'Cyndaquil','images/fire/Cyndaquil.png',2),(317,'Growlithe','images/fire/Growlithe.png',2),(318,'Typhlosionex','images/fire/Typhlosion ex.png',2),(319,'CharizardEX','images/fire/Charizard-EX.png',2),(320,'CharizardEX','images/fire/Charizard-EX.png',2),(321,'Torkoal','images/fire/Torkoal.png',2),(322,'MCharizardEX','images/fire/M Charizard-EX.png',2),(323,'Ponyta','images/fire/Ponyta.png',2),(324,'Rapidash','images/fire/Rapidash.png',2),(325,'Torkoal','images/fire/Torkoal.png',2),(326,'Fletchinder','images/fire/Fletchinder.png',2),(327,'Litleo','images/fire/Litleo.png',2),(328,'Litleo','images/fire/Litleo.png',2),(329,'Pyroar','images/fire/Pyroar.png',2),(330,'Camerupt','images/fire/Camerupt.png',2),(331,'Combusken','images/fire/Combusken.png',2),(332,'Numel','images/fire/Numel.png',2),(333,'Numel','images/fire/Numel.png',2),(334,'Torchic','images/fire/Torchic.png',2),(335,'Magcargoex','images/fire/Magcargo ex.png',2),(336,'CharizardEX','images/fire/Charizard-EX.png',2),(337,'MCharizardEX','images/fire/M Charizard-EX.png',2),(338,'Magmar','images/fire/Magmar.png',2),(339,'TeamMagmasHoundoom','images/fire/Team Magma&#39;s Houndoom.png',2),(340,'Magmortar','images/fire/Magmortar.png',2),(341,'TeamMagmasTorkoal','images/fire/Team Magma&#39;s Torkoal.png',2),(342,'Torchic','images/fire/Torchic.png',2),(343,'Combusken','images/fire/Combusken.png',2),(344,'Blaziken','images/fire/Blaziken.png',2),(345,'TeamMagmasCamerupt','images/fire/Team Magma&#39;s Camerupt.png',2),(346,'TeamMagmasHoundoom','images/fire/Team Magma&#39;s Houndoom.png',2),(347,'TeamMagmasHoundour','images/fire/Team Magma&#39;s Houndour.png',2),(348,'TeamMagmasHoundour','images/fire/Team Magma&#39;s Houndour.png',2),(349,'TeamMagmasHoundour','images/fire/Team Magma&#39;s Houndour.png',2),(350,'TeamMagmasNumel','images/fire/Team Magma&#39;s Numel.png',2),(351,'Blazikenex','images/fire/Blaziken ex.png',2),(352,'Enteiex','images/fire/Entei ex.png',2),(353,'Fletchinder','images/fire/Fletchinder.png',2),(354,'Talonflame','images/fire/Talonflame.png',2),(355,'Litleo','images/fire/Litleo.png',2),(356,'Pyroar','images/fire/Pyroar.png',2),(357,'SunnyCastform','images/fire/Sunny Castform.png',2),(358,'Cyndaquil','images/fire/Cyndaquil.png',2),(359,'Vulpix','images/fire/Vulpix.png',2),(360,'Ninetalesex','images/fire/Ninetales ex.png',2),(361,'Rapidash','images/fire/Rapidash.png',2),(362,'Arcanine','images/fire/Arcanine.png',2),(363,'Vulpix','images/fire/Vulpix.png',2),(364,'Ninetales','images/fire/Ninetales.png',2),(365,'Slugma','images/fire/Slugma.png',2),(366,'Magcargo','images/fire/Magcargo.png',2),(367,'Magcargo','images/fire/Magcargo.png',2),(368,'Torchic','images/fire/Torchic.png',2),(369,'Torchic','images/fire/Torchic.png',2),(370,'Combusken','images/fire/Combusken.png',2),(371,'Blaziken','images/fire/Blaziken.png',2),(372,'CameruptEX','images/fire/Camerupt-EX.png',2),(373,'Oshawott','images/water/Oshawott.png',3),(374,'Oshawott','images/water/Oshawott.png',3),(375,'Ducklett','images/water/Ducklett.png',3),(376,'Samurott','images/water/Samurott.png',3),(377,'Kyuremex','images/water/Kyurem ex.png',3),(378,'Kyurem','images/water/Kyurem.png',3),(379,'Empoleon','images/water/Empoleon.png',3),(380,'Keldeo','images/water/Keldeo.png',3),(381,'Keldeoex','images/water/Keldeo ex.png',3),(382,'Vaporeon','images/water/Vaporeon.png',3),(383,'Glaceon','images/water/Glaceon.png',3),(384,'Lugia','images/water/Lugia.png',3),(385,'Feraligatr','images/water/Feraligatr.png',3),(386,'Lapras','images/water/Lapras.png',3),(387,'Suicune','images/water/Suicune.png',3),(388,'Froakie','images/water/Froakie.png',3),(389,'AurorusEX','images/water/Aurorus-EX.png',3),(390,'GyaradosEX','images/water/Gyarados-EX.png',3),(391,'Gyarados','images/water/Gyarados.png',3),(392,'WhiteKyurem','images/water/White Kyurem.png',3),(393,'AshGreninjaEX','images/water/Ash-Greninja-EX.png',3),(394,'Magikarp','images/water/Magikarp.png',3),(395,'GreninjaEX','images/water/Greninja-EX.png',3),(396,'BlastoiseEX','images/water/Blastoise-EX.png',3),(397,'Mudkip','images/water/Mudkip.png',3),(398,'KyogreEX','images/water/Kyogre-EX.png',3),(399,'Kyogre','images/water/Kyogre.png',3),(400,'SwampertEX','images/water/Swampert-EX.png',3),(401,'Gyarados','images/water/Gyarados.png',3),(402,'Palkia','images/water/Palkia.png',3),(403,'MSwampertEX','images/water/M Swampert-EX.png',3),(404,'Panpour','images/water/Panpour.png',3),(405,'Froakie','images/water/Froakie.png',3),(406,'Frogadier','images/water/Frogadier.png',3),(407,'Swampert','images/water/Swampert.png',3),(408,'Greninja','images/water/Greninja.png',3),(409,'Wailord','images/water/Wailord.png',3),(410,'Clauncher','images/water/Clauncher.png',3),(411,'Pelipper','images/water/Pelipper.png',3),(412,'Seaking','images/water/Seaking.png',3),(413,'Sharpedo','images/water/Sharpedo.png',3),(414,'Swampert','images/water/Swampert.png',3),(415,'Marshtomp','images/water/Marshtomp.png',3),(416,'Marshtomp','images/water/Marshtomp.png',3),(417,'Wailmer','images/water/Wailmer.png',3),(418,'Carvanha','images/water/Carvanha.png',3),(419,'Goldeen','images/water/Goldeen.png',3),(420,'Mudkip','images/water/Mudkip.png',3),(421,'Mudkip','images/water/Mudkip.png',3),(422,'Wingull','images/water/Wingull.png',3),(423,'Laprasex','images/water/Lapras ex.png',3),(424,'Ludicolo','images/water/Ludicolo.png',3),(425,'Golduck','images/water/Golduck.png',3),(426,'Omastar','images/water/Omastar.png',3),(427,'Vaporeon','images/water/Vaporeon.png',3),(428,'BlastoiseEX','images/water/Blastoise-EX.png',3),(429,'Azumarill','images/water/Azumarill.png',3),(430,'Shellder','images/water/Shellder.png',3),(431,'Cloyster','images/water/Cloyster.png',3),(432,'Staryu','images/water/Staryu.png',3),(433,'Starmie','images/water/Starmie.png',3),(434,'Lapras','images/water/Lapras.png',3),(435,'Corsola','images/water/Corsola.png',3),(436,'Panpour','images/water/Panpour.png',3),(437,'Simipour','images/water/Simipour.png',3),(438,'Froakie','images/water/Froakie.png',3),(439,'Kabuto','images/water/Kabuto.png',3),(440,'Frogadier','images/water/Frogadier.png',3),(441,'Greninja','images/water/Greninja.png',3),(442,'Lombre','images/water/Lombre.png',3),(443,'Lombre','images/water/Lombre.png',3),(444,'Pelipper','images/water/Pelipper.png',3),(445,'Lotad','images/water/Lotad.png',3),(446,'Lotad','images/water/Lotad.png',3),(447,'Marill','images/water/Marill.png',3),(448,'Omanyte','images/water/Omanyte.png',3),(449,'Psyduck','images/water/Psyduck.png',3),(450,'Wailmer','images/water/Wailmer.png',3),(451,'Wingull','images/water/Wingull.png',3),(452,'Kabutopsex','images/water/Kabutops ex.png',3),(453,'Wailordex','images/water/Wailord ex.png',3),(454,'BlastoiseEX','images/water/Blastoise-EX.png',3),(455,'Crawdaunt','images/water/Crawdaunt.png',3),(456,'Crawdaunt','images/water/Crawdaunt.png',3),(457,'Qwilfish','images/water/Qwilfish.png',3),(458,'Feebas','images/water/Feebas.png',3),(459,'Milotic','images/water/Milotic.png',3),(460,'Spheal','images/water/Spheal.png',3),(461,'Sealeo','images/water/Sealeo.png',3),(462,'Walrein','images/water/Walrein.png',3),(463,'Luvdisc','images/water/Luvdisc.png',3),(464,'Buizel','images/water/Buizel.png',3),(465,'Floatzel','images/water/Floatzel.png',3),(466,'Bergmite','images/water/Bergmite.png',3),(467,'Avalugg','images/water/Avalugg.png',3),(468,'Gyarados','images/water/Gyarados.png',3),(469,'Horsea','images/water/Horsea.png',3),(470,'Marshtomp','images/water/Marshtomp.png',3),(471,'Seadra','images/water/Seadra.png',3),(472,'Seadra','images/water/Seadra.png',3),(473,'Snorunt','images/water/Snorunt.png',3),(474,'Whiscash','images/water/Whiscash.png',3),(475,'Barboach','images/water/Barboach.png',3),(476,'Corphish','images/water/Corphish.png',3),(477,'Corphish','images/water/Corphish.png',3),(478,'Corphish','images/water/Corphish.png',3),(479,'Horsea','images/water/Horsea.png',3),(480,'Magikarp','images/water/Magikarp.png',3),(481,'Zekrom','images/lightning/Zekrom.png',4),(482,'Zekrom','images/lightning/Zekrom.png',4),(483,'Luxio','images/lightning/Luxio.png',4),(484,'Zekromex','images/lightning/Zekrom ex.png',4),(485,'Thundurus','images/lightning/Thundurus.png',4),(486,'Pikachu','images/lightning/Pikachu.png',4),(487,'Ampharos','images/lightning/Ampharos.png',4),(488,'Electrode','images/lightning/Electrode.png',4),(489,'Thundurusex','images/lightning/Thundurus ex.png',4),(490,'Jolteon','images/lightning/Jolteon.png',4),(491,'Pikachu','images/lightning/Pikachu.png',4),(492,'Plusle','images/lightning/Plusle.png',4),(493,'Minun','images/lightning/Minun.png',4),(494,'Raikou','images/lightning/Raikou.png',4),(495,'Heliolisk','images/lightning/Heliolisk.png',4),(496,'Zekrom','images/lightning/Zekrom.png',4),(497,'PikachuEX','images/lightning/Pikachu-EX.png',4),(498,'Pikachu','images/lightning/Pikachu.png',4),(499,'Pikachu','images/lightning/Pikachu.png',4),(500,'Manectric','images/lightning/Manectric.png',4),(501,'Electrike','images/lightning/Electrike.png',4),(502,'Manectric','images/lightning/Manectric.png',4),(503,'Electrike','images/lightning/Electrike.png',4),(504,'Electrike','images/lightning/Electrike.png',4),(505,'Electabuzzex','images/lightning/Electabuzz ex.png',4),(506,'Jolteon','images/lightning/Jolteon.png',4),(507,'Pichu','images/lightning/Pichu.png',4),(508,'Electabuzz','images/lightning/Electabuzz.png',4),(509,'Elekid','images/lightning/Elekid.png',4),(510,'Pikachu','images/lightning/Pikachu.png',4),(511,'Raichu','images/lightning/Raichu.png',4),(512,'Voltorb','images/lightning/Voltorb.png',4),(513,'Electrode','images/lightning/Electrode.png',4),(514,'EmolgaEX','images/lightning/Emolga-EX.png',4),(515,'Pikachu','images/lightning/Pikachu.png',4),(516,'Raichuex','images/lightning/Raichu ex.png',4),(517,'EmolgaEX','images/lightning/Emolga-EX.png',4),(518,'Minun','images/lightning/Minun.png',4),(519,'Plusle','images/lightning/Plusle.png',4),(520,'Magneton','images/lightning/Magneton.png',4),(521,'Flaaffy','images/lightning/Flaaffy.png',4),(522,'Shinx','images/lightning/Shinx.png',4),(523,'Luxio','images/lightning/Luxio.png',4),(524,'Luxray','images/lightning/Luxray.png',4),(525,'Magneton','images/lightning/Magneton.png',4),(526,'MagnezoneEX','images/lightning/Magnezone-EX.png',4),(527,'Helioptile','images/lightning/Helioptile.png',4),(528,'Heliolisk','images/lightning/Heliolisk.png',4),(529,'Magnemite','images/lightning/Magnemite.png',4),(530,'Magnemite','images/lightning/Magnemite.png',4),(531,'Magnemite','images/lightning/Magnemite.png',4),(532,'Mareep','images/lightning/Mareep.png',4),(533,'Ampharosex','images/lightning/Ampharos ex.png',4),(534,'MagnezoneEX','images/lightning/Magnezone-EX.png',4),(535,'TeamAquasManectric','images/lightning/Team Aqua&#39;s Manectric.png',4),(536,'Raichu','images/lightning/Raichu.png',4),(537,'Pikachu','images/lightning/Pikachu.png',4),(538,'TeamAquasElectrike','images/lightning/Team Aqua&#39;s Electrike.png',4),(539,'Raichu','images/lightning/Raichu.png',4),(540,'TeamAquasLanturn','images/lightning/Team Aqua&#39;s Lanturn.png',4),(541,'Electabuzz','images/lightning/Electabuzz.png',4),(542,'TeamAquasManectric','images/lightning/Team Aqua&#39;s Manectric.png',4),(543,'Electivire','images/lightning/Electivire.png',4),(544,'Plusle','images/lightning/Plusle.png',4),(545,'Minun','images/lightning/Minun.png',4),(546,'Thundurus','images/lightning/Thundurus.png',4),(547,'Dedenne','images/lightning/Dedenne.png',4),(548,'Pikachu','images/lightning/Pikachu.png',4),(549,'TeamAquasChinchou','images/lightning/Team Aqua&#39;s Chinchou.png',4),(550,'TeamAquasElectrike','images/lightning/Team Aqua&#39;s Electrike.png',4),(551,'TeamAquasElectrike','images/lightning/Team Aqua&#39;s Electrike.png',4),(552,'Raikouex','images/lightning/Raikou ex.png',4),(553,'Electrode','images/lightning/Electrode.png',4),(554,'ManectricEX','images/lightning/Manectric-EX.png',4),(555,'MManectricEX','images/lightning/M Manectric-EX.png',4),(556,'Pachirisu','images/lightning/Pachirisu.png',4),(557,'Joltik','images/lightning/Joltik.png',4),(558,'Galvantula','images/lightning/Galvantula.png',4),(559,'Helioptile','images/lightning/Helioptile.png',4),(560,'Helioptile','images/lightning/Helioptile.png',4),(561,'Heliolisk','images/lightning/Heliolisk.png',4),(562,'Lanturn','images/lightning/Lanturn.png',4),(563,'Chinchou','images/lightning/Chinchou.png',4),(564,'Chinchou','images/lightning/Chinchou.png',4),(565,'Minun','images/lightning/Minun.png',4),(566,'Plusle','images/lightning/Plusle.png',4),(567,'Voltorb','images/lightning/Voltorb.png',4),(568,'ManectricEX','images/lightning/Manectric-EX.png',4),(569,'Raichu','images/lightning/Raichu.png',4),(570,'Magneton','images/lightning/Magneton.png',4),(571,'Chinchou','images/lightning/Chinchou.png',4),(572,'Lanturn','images/lightning/Lanturn.png',4),(573,'Electrike','images/lightning/Electrike.png',4),(574,'Electrike','images/lightning/Electrike.png',4),(575,'Manectric','images/lightning/Manectric.png',4),(576,'Tynamo','images/lightning/Tynamo.png',4),(577,'Eelektrik','images/lightning/Eelektrik.png',4),(578,'Eelektrik','images/lightning/Eelektrik.png',4),(579,'Eelektross','images/lightning/Eelektross.png',4),(580,'Magnemite','images/lightning/Magnemite.png',4),(581,'Pikachu','images/lightning/Pikachu.png',4),(582,'Voltorb','images/lightning/Voltorb.png',4),(583,'Electrodeex','images/lightning/Electrode ex.png',4),(584,'DarkAmpharos','images/lightning/Dark Ampharos.png',4),(585,'DarkElectrode','images/lightning/Dark Electrode.png',4),(586,'DarkFlaaffy','images/lightning/Dark Flaaffy.png',4),(587,'DarkMagneton','images/lightning/Dark Magneton.png',4),(588,'Magnemite','images/lightning/Magnemite.png',4),(589,'Litwick','images/psychic/Litwick.png',5),(590,'Mewtwoex','images/psychic/Mewtwo ex.png',5),(591,'Crobat','images/psychic/Crobat.png',5),(592,'Elgyem','images/psychic/Elgyem.png',5),(593,'Drifblim','images/psychic/Drifblim.png',5),(594,'Meloetta','images/psychic/Meloetta.png',5),(595,'Giratina','images/psychic/Giratina.png',5),(596,'Metagross','images/psychic/Metagross.png',5),(597,'Deoxysex','images/psychic/Deoxys ex.png',5),(598,'Espeon','images/psychic/Espeon.png',5),(599,'Mew','images/psychic/Mew.png',5),(600,'Wobbuffet','images/psychic/Wobbuffet.png',5),(601,'Smoochum','images/psychic/Smoochum.png',5),(602,'Mewtwo','images/psychic/Mewtwo.png',5),(603,'Mewtwo','images/psychic/Mewtwo.png',5),(604,'MewtwoEX','images/psychic/Mewtwo-EX.png',5),(605,'Mew','images/psychic/Mew.png',5),(606,'Trevenant','images/psychic/Trevenant.png',5),(607,'GalladeEX','images/psychic/Gallade-EX.png',5),(608,'Meowstic','images/psychic/Meowstic.png',5),(609,'Latios','images/psychic/Latios.png',5),(610,'HoopaEX','images/psychic/Hoopa-EX.png',5),(611,'HoopaEX','images/psychic/Hoopa-EX.png',5),(612,'Hoopa','images/psychic/Hoopa.png',5),(613,'Sableye','images/psychic/Sableye.png',5),(614,'Trevenant','images/psychic/Trevenant.png',5),(615,'Gardevoir','images/psychic/Gardevoir.png',5),(616,'Kirlia','images/psychic/Kirlia.png',5),(617,'Kirlia','images/psychic/Kirlia.png',5),(618,'Ralts','images/psychic/Ralts.png',5),(619,'Ralts','images/psychic/Ralts.png',5),(620,'Ralts','images/psychic/Ralts.png',5),(621,'Mewtwoex','images/psychic/Mewtwo ex.png',5),(622,'Dusclops','images/psychic/Dusclops.png',5),(623,'Lunatone','images/psychic/Lunatone.png',5),(624,'Espeon','images/psychic/Espeon.png',5),(625,'Wobbuffet','images/psychic/Wobbuffet.png',5),(626,'Kirlia','images/psychic/Kirlia.png',5),(627,'Ekans','images/psychic/Ekans.png',5),(628,'Arbok','images/psychic/Arbok.png',5),(629,'Spoink','images/psychic/Spoink.png',5),(630,'Grumpig','images/psychic/Grumpig.png',5),(631,'Venipede','images/psychic/Venipede.png',5),(632,'Whirlipede','images/psychic/Whirlipede.png',5),(633,'Scolipede','images/psychic/Scolipede.png',5),(634,'Phantump','images/psychic/Phantump.png',5),(635,'Wynaut','images/psychic/Wynaut.png',5),(636,'Trevenant','images/psychic/Trevenant.png',5),(637,'Xatu','images/psychic/Xatu.png',5),(638,'Pumpkaboo','images/psychic/Pumpkaboo.png',5),(639,'Gourgeist','images/psychic/Gourgeist.png',5),(640,'Duskull','images/psychic/Duskull.png',5),(641,'Duskull','images/psychic/Duskull.png',5),(642,'Natu','images/psychic/Natu.png',5),(643,'Ralts','images/psychic/Ralts.png',5),(644,'Gardevoirex','images/psychic/Gardevoir ex.png',5),(645,'Grumpig','images/psychic/Grumpig.png',5),(646,'Girafarig','images/psychic/Girafarig.png',5),(647,'Duskull','images/psychic/Duskull.png',5),(648,'Dusclops','images/psychic/Dusclops.png',5),(649,'Dusknoir','images/psychic/Dusknoir.png',5),(650,'ToxicroakEX','images/psychic/Toxicroak-EX.png',5),(651,'Espurr','images/psychic/Espurr.png',5),(652,'Meowstic','images/psychic/Meowstic.png',5),(653,'Shuppet','images/psychic/Shuppet.png',5),(654,'Skrelp','images/psychic/Skrelp.png',5),(655,'Spoink','images/psychic/Spoink.png',5),(656,'Spoink','images/psychic/Spoink.png',5),(657,'ToxicroakEX','images/psychic/Toxicroak-EX.png',5),(658,'TeamMagmasClaydol','images/psychic/Team Magma&#39;s Claydol.png',5),(659,'TeamMagmasBaltoy','images/psychic/Team Magma&#39;s Baltoy.png',5),(660,'Drowzee','images/psychic/Drowzee.png',5),(661,'Hypno','images/psychic/Hypno.png',5),(662,'Jynx','images/psychic/Jynx.png',5),(663,'Skorupi','images/psychic/Skorupi.png',5),(664,'Gothita','images/psychic/Gothita.png',5),(665,'Gothorita','images/psychic/Gothorita.png',5),(666,'Gothitelle','images/psychic/Gothitelle.png',5),(667,'Golett','images/psychic/Golett.png',5),(668,'Golurk','images/psychic/Golurk.png',5),(669,'Slowpoke','images/psychic/Slowpoke.png',5),(670,'Banette','images/psychic/Banette.png',5),(671,'Claydol','images/psychic/Claydol.png',5),(672,'Jirachi','images/psychic/Jirachi.png',5),(673,'Metagross','images/psychic/Metagross.png',5),(674,'Chimecho','images/psychic/Chimecho.png',5),(675,'Zubat','images/psychic/Zubat.png',5),(676,'Golbat','images/psychic/Golbat.png',5),(677,'Crobat','images/psychic/Crobat.png',5),(678,'GengarEX','images/psychic/Gengar-EX.png',5),(679,'MGengarEX','images/psychic/M Gengar-EX.png',5),(680,'Wobbuffet','images/psychic/Wobbuffet.png',5),(681,'Gulpin','images/psychic/Gulpin.png',5),(682,'Swalot','images/psychic/Swalot.png',5),(683,'Munna','images/psychic/Munna.png',5),(684,'Musharna','images/psychic/Musharna.png',5),(685,'Litwick','images/psychic/Litwick.png',5),(686,'Lampent','images/psychic/Lampent.png',5),(687,'Chandelure','images/psychic/Chandelure.png',5),(688,'Metang','images/psychic/Metang.png',5),(689,'Pumpkaboo','images/psychic/Pumpkaboo.png',5),(690,'Gourgeist','images/psychic/Gourgeist.png',5),(691,'Starmie','images/psychic/Starmie.png',5),(692,'Baltoy','images/psychic/Baltoy.png',5),(693,'Beldum','images/psychic/Beldum.png',5),(694,'Meditite','images/psychic/Meditite.png',5),(695,'GengarEX','images/psychic/Gengar-EX.png',5),(696,'Exeggutor','images/psychic/Exeggutor.png',5),(697,'Riolu','images/fighting/Riolu.png',6),(698,'Landorus','images/fighting/Landorus.png',6),(699,'Meloetta','images/fighting/Meloetta.png',6),(700,'Terrakion','images/fighting/Terrakion.png',6),(701,'Landorus','images/fighting/Landorus.png',6),(702,'Lucario','images/fighting/Lucario.png',6),(703,'Shuckle','images/fighting/Shuckle.png',6),(704,'Hitmonchan','images/fighting/Hitmonchan.png',6),(705,'Hitmonlee','images/fighting/Hitmonlee.png',6),(706,'MachampEX','images/fighting/Machamp-EX.png',6),(707,'Zygarde','images/fighting/Zygarde.png',6),(708,'Machamp','images/fighting/Machamp.png',6),(709,'ZygardeEX','images/fighting/Zygarde-EX.png',6),(710,'GroudonEX','images/fighting/Groudon-EX.png',6),(711,'Regirock','images/fighting/Regirock.png',6),(712,'Pangoro','images/fighting/Pangoro.png',6),(713,'Groudon','images/fighting/Groudon.png',6),(714,'AerodactylEX','images/fighting/Aerodactyl-EX.png',6),(715,'MAerodactylEX','images/fighting/M Aerodactyl-EX.png',6),(716,'Hariyama','images/fighting/Hariyama.png',6),(717,'Donphan','images/fighting/Donphan.png',6),(718,'Nosepass','images/fighting/Nosepass.png',6),(719,'Hariyama','images/fighting/Hariyama.png',6),(720,'Makuhita','images/fighting/Makuhita.png',6),(721,'Makuhita','images/fighting/Makuhita.png',6),(722,'Makuhita','images/fighting/Makuhita.png',6),(723,'Phanpy','images/fighting/Phanpy.png',6),(724,'Hitmonchanex','images/fighting/Hitmonchan ex.png',6),(725,'Armaldo','images/fighting/Armaldo.png',6),(726,'Solrock','images/fighting/Solrock.png',6),(727,'Sandslash','images/fighting/Sandslash.png',6),(728,'Anorith','images/fighting/Anorith.png',6),(729,'Anorith','images/fighting/Anorith.png',6),(730,'Baltoy','images/fighting/Baltoy.png',6),(731,'Diglett','images/fighting/Diglett.png',6),(732,'Dugtrio','images/fighting/Dugtrio.png',6),(733,'Rhyhorn','images/fighting/Rhyhorn.png',6),(734,'Rhydon','images/fighting/Rhydon.png',6),(735,'Rhyperior','images/fighting/Rhyperior.png',6),(736,'Lunatone','images/fighting/Lunatone.png',6),(737,'Solrock','images/fighting/Solrock.png',6),(738,'Timburr','images/fighting/Timburr.png',6),(739,'Gurdurr','images/fighting/Gurdurr.png',6),(740,'Conkeldurr','images/fighting/Conkeldurr.png',6),(741,'Onix','images/fighting/Onix.png',6),(742,'Sandshrew','images/fighting/Sandshrew.png',6),(743,'Trapinch','images/fighting/Trapinch.png',6),(744,'Golem','images/fighting/Golem.png',6),(745,'Graveler','images/fighting/Graveler.png',6),(746,'Graveler','images/fighting/Graveler.png',6),(747,'Meditite','images/fighting/Meditite.png',6),(748,'Geodude','images/fighting/Geodude.png',6),(749,'Graveler','images/fighting/Graveler.png',6),(750,'Golem','images/fighting/Golem.png',6),(751,'Binacle','images/fighting/Binacle.png',6),(752,'Barbaracle','images/fighting/Barbaracle.png',6),(753,'Geodude','images/fighting/Geodude.png',6),(754,'Geodude','images/fighting/Geodude.png',6),(755,'Trapinch','images/fighting/Trapinch.png',6),(756,'Trapinch','images/fighting/Trapinch.png',6),(757,'Golemex','images/fighting/Golem ex.png',6),(758,'TeamMagmasAggron','images/fighting/Team Magma&#39;s Aggron.png',6),(759,'TeamMagmasGroudon','images/fighting/Team Magma&#39;s Groudon.png',6),(760,'TeamMagmasRhydon','images/fighting/Team Magma&#39;s Rhydon.png',6),(761,'TeamMagmasLairon','images/fighting/Team Magma&#39;s Lairon.png',6),(762,'TeamMagmasRhydon','images/fighting/Team Magma&#39;s Rhydon.png',6),(763,'TeamMagmasClaydol','images/fighting/Team Magma&#39;s Claydol.png',6),(764,'TeamMagmasLairon','images/fighting/Team Magma&#39;s Lairon.png',6),(765,'TeamMagmasRhyhorn','images/fighting/Team Magma&#39;s Rhyhorn.png',6),(766,'Cubone','images/fighting/Cubone.png',6),(767,'Machop','images/fighting/Machop.png',6),(768,'Machoke','images/fighting/Machoke.png',6),(769,'Machamp','images/fighting/Machamp.png',6),(770,'Hitmonlee','images/fighting/Hitmonlee.png',6),(771,'Hitmonchan','images/fighting/Hitmonchan.png',6),(772,'Hitmontop','images/fighting/Hitmontop.png',6),(773,'Breloom','images/fighting/Breloom.png',6),(774,'Makuhita','images/fighting/Makuhita.png',6),(775,'Hariyama','images/fighting/Hariyama.png',6),(776,'Trapinch','images/fighting/Trapinch.png',6),(777,'LucarioEX','images/fighting/Lucario-EX.png',6),(778,'MLucarioEX','images/fighting/M Lucario-EX.png',6),(779,'Mienfoo','images/fighting/Mienfoo.png',6),(780,'Mienshao','images/fighting/Mienshao.png',6),(781,'Landorus','images/fighting/Landorus.png',6),(782,'TeamMagmasAron','images/fighting/Team Magma&#39;s Aron.png',6),(783,'Pancham','images/fighting/Pancham.png',6),(784,'TeamMagmasAron','images/fighting/Team Magma&#39;s Aron.png',6),(785,'Pancham','images/fighting/Pancham.png',6),(786,'TeamMagmasBaltoy','images/fighting/Team Magma&#39;s Baltoy.png',6),(787,'TeamMagmasBaltoy','images/fighting/Team Magma&#39;s Baltoy.png',6),(788,'Tyrunt','images/fighting/Tyrunt.png',6),(789,'Tyrantrum','images/fighting/Tyrantrum.png',6),(790,'Hawlucha','images/fighting/Hawlucha.png',6),(791,'HawluchaEX','images/fighting/Hawlucha-EX.png',6),(792,'TeamMagmasRhyhorn','images/fighting/Team Magma&#39;s Rhyhorn.png',6),(793,'TeamMagmasRhyhorn','images/fighting/Team Magma&#39;s Rhyhorn.png',6),(794,'Swampertex','images/fighting/Swampert ex.png',6),(795,'LucarioEX','images/fighting/Lucario-EX.png',6),(796,'MLucarioEX','images/fighting/M Lucario-EX.png',6),(797,'Machamp','images/fighting/Machamp.png',6),(798,'Medicham','images/fighting/Medicham.png',6),(799,'Ninetales','images/fighting/Ninetales.png',6),(800,'Claydol','images/fighting/Claydol.png',6),(801,'Machoke','images/fighting/Machoke.png',6),(802,'Medicham','images/fighting/Medicham.png',6),(803,'Gligar','images/fighting/Gligar.png',6),(804,'Rhydon','images/fighting/Rhydon.png',6),(805,'Zoroark','images/darkness/Zoroark.png',7),(806,'Zorua','images/darkness/Zorua.png',7),(807,'Zoroark','images/darkness/Zoroark.png',7),(808,'Scraggy','images/darkness/Scraggy.png',7),(809,'Darkraiex','images/darkness/Darkrai ex.png',7),(810,'Darkrai','images/darkness/Darkrai.png',7),(811,'Umbreon','images/darkness/Umbreon.png',7),(812,'Yveltal','images/darkness/Yveltal.png',7),(813,'YveltalEX','images/darkness/Yveltal-EX.png',7),(814,'Darkrai','images/darkness/Darkrai.png',7),(815,'Tyranitar','images/darkness/Tyranitar.png',7),(816,'YveltalEX','images/darkness/Yveltal-EX.png',7),(817,'Darkrai','images/darkness/Darkrai.png',7),(818,'Greninja','images/darkness/Greninja.png',7),(819,'KrookodileEX','images/darkness/Krookodile-EX.png',7),(820,'Yveltal','images/darkness/Yveltal.png',7),(821,'Malamar','images/darkness/Malamar.png',7),(822,'AbsolEX','images/darkness/Absol-EX.png',7),(823,'MAbsolEX','images/darkness/M Absol-EX.png',7),(824,'Umbreon','images/darkness/Umbreon.png',7),(825,'Mightyena','images/darkness/Mightyena.png',7),(826,'Poochyena','images/darkness/Poochyena.png',7),(827,'Mightyena','images/darkness/Mightyena.png',7),(828,'Inkay','images/darkness/Inkay.png',7),(829,'Mightyena','images/darkness/Mightyena.png',7),(830,'Poochyena','images/darkness/Poochyena.png',7),(831,'Poochyena','images/darkness/Poochyena.png',7),(832,'Poochyena','images/darkness/Poochyena.png',7),(833,'Sneaselex','images/darkness/Sneasel ex.png',7),(834,'Sableye','images/darkness/Sableye.png',7),(835,'Umbreon','images/darkness/Umbreon.png',7),(836,'Murkrow','images/darkness/Murkrow.png',7),(837,'Sableye','images/darkness/Sableye.png',7),(838,'Sandile','images/darkness/Sandile.png',7),(839,'Krokorok','images/darkness/Krokorok.png',7),(840,'Krookodile','images/darkness/Krookodile.png',7),(841,'Zorua','images/darkness/Zorua.png',7),(842,'Zoroark','images/darkness/Zoroark.png',7),(843,'Inkay','images/darkness/Inkay.png',7),(844,'Inkay','images/darkness/Inkay.png',7),(845,'Malamar','images/darkness/Malamar.png',7),(846,'Malamar','images/darkness/Malamar.png',7),(847,'Yveltal','images/darkness/Yveltal.png',7),(848,'YveltalEX','images/darkness/Yveltal-EX.png',7),(849,'YveltalEX','images/darkness/Yveltal-EX.png',7),(850,'Absol','images/darkness/Absol.png',7),(851,'Houndoom','images/darkness/Houndoom.png',7),(852,'Sneasel','images/darkness/Sneasel.png',7),(853,'Sneasel','images/darkness/Sneasel.png',7),(854,'Weavile','images/darkness/Weavile.png',7),(855,'Stunky','images/darkness/Stunky.png',7),(856,'Stunky','images/darkness/Stunky.png',7),(857,'Skuntank','images/darkness/Skuntank.png',7),(858,'Sandile','images/darkness/Sandile.png',7),(859,'Krokorok','images/darkness/Krokorok.png',7),(860,'Scraggy','images/darkness/Scraggy.png',7),(861,'Houndour','images/darkness/Houndour.png',7),(862,'Scrafty','images/darkness/Scrafty.png',7),(863,'TeamAquasCacturne','images/darkness/Team Aqua&#39;s Cacturne.png',7),(864,'TeamAquasCrawdaunt','images/darkness/Team Aqua&#39;s Crawdaunt.png',7),(865,'TeamAquasKyogre','images/darkness/Team Aqua&#39;s Kyogre.png',7),(866,'TeamAquasManectric','images/darkness/Team Aqua&#39;s Manectric.png',7),(867,'TeamAquasSharpedo','images/darkness/Team Aqua&#39;s Sharpedo.png',7),(868,'TeamAquasWalrein','images/darkness/Team Aqua&#39;s Walrein.png',7),(869,'TeamMagmasAggron','images/darkness/Team Magma&#39;s Aggron.png',7),(870,'TeamMagmasClaydol','images/darkness/Team Magma&#39;s Claydol.png',7),(871,'TeamMagmasGroudon','images/darkness/Team Magma&#39;s Groudon.png',7),(872,'TeamMagmasHoundoom','images/darkness/Team Magma&#39;s Houndoom.png',7),(873,'TeamMagmasRhydon','images/darkness/Team Magma&#39;s Rhydon.png',7),(874,'TeamMagmasTorkoal','images/darkness/Team Magma&#39;s Torkoal.png',7),(875,'TeamAquasMightyena','images/darkness/Team Aqua&#39;s Mightyena.png',7),(876,'TeamMagmasMightyena','images/darkness/Team Magma&#39;s Mightyena.png',7),(877,'TeamAquasCacnea','images/darkness/Team Aqua&#39;s Cacnea.png',7),(878,'TeamAquasMightyena','images/darkness/Team Aqua&#39;s Mightyena.png',7),(879,'TeamMagmasMightyena','images/darkness/Team Magma&#39;s Mightyena.png',7),(880,'TeamAquasPoochyena','images/darkness/Team Aqua&#39;s Poochyena.png',7),(881,'TeamAquasPoochyena','images/darkness/Team Aqua&#39;s Poochyena.png',7),(882,'Drapion','images/darkness/Drapion.png',7),(883,'TeamMagmasPoochyena','images/darkness/Team Magma&#39;s Poochyena.png',7),(884,'Scraggy','images/darkness/Scraggy.png',7),(885,'TeamMagmasPoochyena','images/darkness/Team Magma&#39;s Poochyena.png',7),(886,'Scrafty','images/darkness/Scrafty.png',7),(887,'Pangoro','images/darkness/Pangoro.png',7),(888,'DarkCelebi','images/darkness/Dark Celebi.png',7),(889,'Shiftry','images/darkness/Shiftry.png',7),(890,'Nuzleaf','images/darkness/Nuzleaf.png',7),(891,'Murkrow','images/darkness/Murkrow.png',7),(892,'Honchkrow','images/darkness/Honchkrow.png',7),(893,'Poochyena','images/darkness/Poochyena.png',7),(894,'Mightyena','images/darkness/Mightyena.png',7),(895,'Spiritomb','images/darkness/Spiritomb.png',7),(896,'Purrloin','images/darkness/Purrloin.png',7),(897,'Liepard','images/darkness/Liepard.png',7),(898,'MalamarEX','images/darkness/Malamar-EX.png',7),(899,'MalamarEX','images/darkness/Malamar-EX.png',7),(900,'SharpedoEX','images/darkness/Sharpedo-EX.png',7),(901,'Crawdaunt','images/darkness/Crawdaunt.png',7),(902,'SharpedoEX','images/darkness/Sharpedo-EX.png',7),(903,'DarkAmpharos','images/darkness/Dark Ampharos.png',7),(904,'DarkCrobat','images/darkness/Dark Crobat.png',7),(905,'DarkElectrode','images/darkness/Dark Electrode.png',7),(906,'DarkHoundoom','images/darkness/Dark Houndoom.png',7),(907,'DarkHypno','images/darkness/Dark Hypno.png',7),(908,'DarkMarowak','images/darkness/Dark Marowak.png',7),(909,'DarkOctillery','images/darkness/Dark Octillery.png',7),(910,'DarkSlowking','images/darkness/Dark Slowking.png',7),(911,'DarkSteelix','images/darkness/Dark Steelix.png',7),(912,'DarkDragonite','images/darkness/Dark Dragonite.png',7),(913,'Cobalion','images/metal/Cobalion.png',8),(914,'Jirachi','images/metal/Jirachi.png',8),(915,'Honedge','images/metal/Honedge.png',8),(916,'Bronzong','images/metal/Bronzong.png',8),(917,'MetagrossEX','images/metal/Metagross-EX.png',8),(918,'MMetagrossEX','images/metal/M Metagross-EX.png',8),(919,'Jirachi','images/metal/Jirachi.png',8),(920,'Dialga','images/metal/Dialga.png',8),(921,'Aggron','images/metal/Aggron.png',8),(922,'Pawniard','images/metal/Pawniard.png',8),(923,'Bisharp','images/metal/Bisharp.png',8),(924,'Honedge','images/metal/Honedge.png',8),(925,'Aron','images/metal/Aron.png',8),(926,'Lairon','images/metal/Lairon.png',8),(927,'Lairon','images/metal/Lairon.png',8),(928,'Aron','images/metal/Aron.png',8),(929,'Aron','images/metal/Aron.png',8),(930,'Mawile','images/metal/Mawile.png',8),(931,'Steelix','images/metal/Steelix.png',8),(932,'Lairon','images/metal/Lairon.png',8),(933,'Aron','images/metal/Aron.png',8),(934,'SkarmoryEX','images/metal/Skarmory-EX.png',8),(935,'Pawniard','images/metal/Pawniard.png',8),(936,'Bisharp','images/metal/Bisharp.png',8),(937,'Honedge','images/metal/Honedge.png',8),(938,'Doublade','images/metal/Doublade.png',8),(939,'Aegislash','images/metal/Aegislash.png',8),(940,'Aegislash','images/metal/Aegislash.png',8),(941,'Aggronex','images/metal/Aggron ex.png',8),(942,'SkarmoryEX','images/metal/Skarmory-EX.png',8),(943,'Skarmory','images/metal/Skarmory.png',8),(944,'Forretress','images/metal/Forretress.png',8),(945,'Forretress','images/metal/Forretress.png',8),(946,'Durant','images/metal/Durant.png',8),(947,'Jirachi','images/metal/Jirachi.png',8),(948,'Metagross','images/metal/Metagross.png',8),(949,'Metang','images/metal/Metang.png',8),(950,'Beldum','images/metal/Beldum.png',8),(951,'Beldum','images/metal/Beldum.png',8),(952,'Metang','images/metal/Metang.png',8),(953,'Skarmory','images/metal/Skarmory.png',8),(954,'Bronzor','images/metal/Bronzor.png',8),(955,'Bronzong','images/metal/Bronzong.png',8),(956,'DialgaEX','images/metal/Dialga-EX.png',8),(957,'Heatran','images/metal/Heatran.png',8),(958,'Escavalier','images/metal/Escavalier.png',8),(959,'AegislashEX','images/metal/Aegislash-EX.png',8),(960,'Klefki','images/metal/Klefki.png',8),(961,'Metagrossex','images/metal/Metagross ex.png',8),(962,'Registeelex','images/metal/Registeel ex.png',8),(963,'AggronEX','images/metal/Aggron-EX.png',8),(964,'MAggronEX','images/metal/M Aggron-EX.png',8),(965,'Probopass','images/metal/Probopass.png',8),(966,'Excadrill','images/metal/Excadrill.png',8),(967,'Excadrill','images/metal/Excadrill.png',8),(968,'Honedge','images/metal/Honedge.png',8),(969,'Doublade','images/metal/Doublade.png',8),(970,'Aegislash','images/metal/Aegislash.png',8),(971,'AggronEX','images/metal/Aggron-EX.png',8),(972,'MAggronEX','images/metal/M Aggron-EX.png',8),(973,'DarkSteelix','images/metal/Dark Steelix.png',8),(974,'Jirachi','images/metal/Jirachi.png',8),(975,'Skarmory','images/metal/Skarmory.png',8),(976,'Jirachi','images/metal/Jirachi.png',8),(977,'Beldum','images/metal/Beldum.png',8),(978,'Metang','images/metal/Metang.png',8),(979,'Metagross','images/metal/Metagross.png',8),(980,'Metagross','images/metal/Metagross.png',8),(981,'Registeel','images/metal/Registeel.png',8),(982,'Registeelex','images/metal/Registeel ex.png',8),(983,'Forretress','images/metal/Forretress.png',8),(984,'Bronzor','images/metal/Bronzor.png',8),(985,'Bronzong','images/metal/Bronzong.png',8),(986,'Scizorex','images/metal/Scizor ex.png',8),(987,'Steelixex','images/metal/Steelix ex.png',8),(988,'Beedrill','images/metal/Beedrill ?.png',8),(989,'Crobat','images/metal/Crobat ?.png',8),(990,'Dragonite','images/metal/Dragonite ?.png',8),(991,'Espeon','images/metal/Espeon ?.png',8),(992,'Flareon','images/metal/Flareon ?.png',8),(993,'Gardevoir','images/metal/Gardevoir ?.png',8),(994,'Jolteon','images/metal/Jolteon ?.png',8),(995,'Latias','images/metal/Latias ?.png',8),(996,'Latios','images/metal/Latios ?.png',8),(997,'Marowak','images/metal/Marowak ?.png',8),(998,'Metagross','images/metal/Metagross ?.png',8),(999,'Mewtwo','images/metal/Mewtwo ?.png',8),(1000,'Rayquaza','images/metal/Rayquaza ?.png',8),(1001,'Salamence','images/metal/Salamence ?.png',8),(1002,'Starmie','images/metal/Starmie ?.png',8),(1003,'Tyranitar','images/metal/Tyranitar ?.png',8),(1004,'Umbreon','images/metal/Umbreon ?.png',8),(1005,'Vaporeon','images/metal/Vaporeon ?.png',8),(1006,'Azumarill','images/metal/Azumarill ?.png',8),(1007,'HolonsMagneton','images/metal/Holon&#39;s Magneton.png',8),(1008,'Mightyena','images/metal/Mightyena ?.png',8),(1009,'Sandslash','images/metal/Sandslash ?.png',8),(1010,'Starmie','images/metal/Starmie ?.png',8),(1011,'Eevee','images/metal/Eevee ?.png',8),(1012,'HolonsMagnemite','images/metal/Holon&#39;s Magnemite.png',8),(1013,'ScizorEX','images/metal/Scizor-EX.png',8),(1014,'MScizorEX','images/metal/M Scizor-EX.png',8),(1015,'Mawile','images/metal/Mawile.png',8),(1016,'Ferroseed','images/metal/Ferroseed.png',8),(1017,'Ferrothorn','images/metal/Ferrothorn.png',8),(1018,'Metagross','images/metal/Metagross ?.png',8),(1019,'ScizorEX','images/metal/Scizor-EX.png',8),(1020,'MScizorEX','images/metal/M Scizor-EX.png',8),(1021,'Axew','images/colorless/Axew.png',9),(1022,'Minccino','images/colorless/Minccino.png',9),(1023,'Pidove','images/colorless/Pidove.png',9),(1024,'Axew','images/colorless/Axew.png',9),(1025,'Axew','images/colorless/Axew.png',9),(1026,'Meowth','images/colorless/Meowth.png',9),(1027,'Tornadus','images/colorless/Tornadus.png',9),(1028,'Lillipup','images/colorless/Lillipup.png',9),(1029,'Jigglypuff','images/colorless/Jigglypuff.png',9),(1030,'Lugiaex','images/colorless/Lugia ex.png',9),(1031,'PorygonZ','images/colorless/Porygon-Z.png',9),(1032,'Eevee','images/colorless/Eevee.png',9),(1033,'Tornadusex','images/colorless/Tornadus ex.png',9),(1034,'Eevee','images/colorless/Eevee.png',9),(1035,'Hoothoot','images/colorless/Hoothoot.png',9),(1036,'Noctowl','images/colorless/Noctowl.png',9),(1037,'Latias','images/colorless/Latias.png',9),(1038,'Latios','images/colorless/Latios.png',9),(1039,'Cleffa','images/colorless/Cleffa.png',9),(1040,'Porygon','images/colorless/Porygon.png',9),(1041,'Porygon','images/colorless/Porygon2.png',9),(1042,'Ditto','images/colorless/Ditto.png',9),(1043,'Altaria','images/colorless/Altaria.png',9),(1044,'Blissey','images/colorless/Blissey.png',9),(1045,'Fearow','images/colorless/Fearow.png',9),(1046,'RayquazaEX','images/colorless/Rayquaza-EX.png',9),(1047,'RayquazaEX','images/colorless/Rayquaza-EX.png',9),(1048,'Regigigas','images/colorless/Regigigas.png',9),(1049,'Arceus','images/colorless/Arceus.png',9),(1050,'Delcatty','images/colorless/Delcatty.png',9),(1051,'Slaking','images/colorless/Slaking.png',9),(1052,'Farfetchd','images/colorless/Farfetch&#39;d.png',9),(1053,'Snorlax','images/colorless/Snorlax.png',9),(1054,'Miltank','images/colorless/Miltank.png',9),(1055,'Skitty','images/colorless/Skitty.png',9),(1056,'Bidoof','images/colorless/Bidoof.png',9),(1057,'Delcatty','images/colorless/Delcatty.png',9),(1058,'Bunnelby','images/colorless/Bunnelby.png',9),(1059,'Fletchling','images/colorless/Fletchling.png',9),(1060,'Furfrou','images/colorless/Furfrou.png',9),(1061,'Furfrou','images/colorless/Furfrou.png',9),(1062,'Linoone','images/colorless/Linoone.png',9),(1063,'Skitty','images/colorless/Skitty.png',9),(1064,'Slakoth','images/colorless/Slakoth.png',9),(1065,'Swellow','images/colorless/Swellow.png',9),(1066,'Vigoroth','images/colorless/Vigoroth.png',9),(1067,'Skitty','images/colorless/Skitty.png',9),(1068,'Skitty','images/colorless/Skitty.png',9),(1069,'Taillow','images/colorless/Taillow.png',9),(1070,'Zigzagoon','images/colorless/Zigzagoon.png',9),(1071,'Chanseyex','images/colorless/Chansey ex.png',9),(1072,'Kecleon','images/colorless/Kecleon.png',9),(1073,'Azurill','images/colorless/Azurill.png',9),(1074,'Delcatty','images/colorless/Delcatty.png',9),(1075,'Fearow','images/colorless/Fearow.png',9),(1076,'Linoone','images/colorless/Linoone.png',9),(1077,'Vigoroth','images/colorless/Vigoroth.png',9),(1078,'Dunsparce','images/colorless/Dunsparce.png',9),(1079,'Eevee','images/colorless/Eevee.png',9),(1080,'Skitty','images/colorless/Skitty.png',9),(1081,'Slakoth','images/colorless/Slakoth.png',9),(1082,'Spearow','images/colorless/Spearow.png',9),(1083,'Zigzagoon','images/colorless/Zigzagoon.png',9),(1084,'Aerodactylex','images/colorless/Aerodactyl ex.png',9),(1085,'Doduo','images/colorless/Doduo.png',9),(1086,'Dodrio','images/colorless/Dodrio.png',9),(1087,'Tauros','images/colorless/Tauros.png',9),(1088,'Dunsparce','images/colorless/Dunsparce.png',9),(1089,'Taillow','images/colorless/Taillow.png',9),(1090,'Swellow','images/colorless/Swellow.png',9),(1091,'Skitty','images/colorless/Skitty.png',9),(1092,'Delcatty','images/colorless/Delcatty.png',9),(1093,'Bidoof','images/colorless/Bidoof.png',9),(1094,'Bibarel','images/colorless/Bibarel.png',9),(1095,'Lillipup','images/colorless/Lillipup.png',9),(1096,'Herdier','images/colorless/Herdier.png',9),(1097,'Stoutland','images/colorless/Stoutland.png',9),(1098,'Bunnelby','images/colorless/Bunnelby.png',9),(1099,'Diggersby','images/colorless/Diggersby.png',9),(1100,'Fletchling','images/colorless/Fletchling.png',9),(1101,'Furfrou','images/colorless/Furfrou.png',9),(1102,'Altaria','images/colorless/Altaria.png',9),(1103,'Flygon','images/colorless/Flygon.png',9),(1104,'Salamence','images/colorless/Salamence.png',9),(1105,'Dragonair','images/colorless/Dragonair.png',9),(1106,'Flygon','images/colorless/Flygon.png',9),(1107,'Salamence','images/colorless/Salamence.png',9),(1108,'Shelgon','images/colorless/Shelgon.png',9),(1109,'Vibrava','images/colorless/Vibrava.png',9),(1110,'Bagon','images/colorless/Bagon.png',9),(1111,'Dratini','images/colorless/Dratini.png',9),(1112,'Shelgon','images/colorless/Shelgon.png',9),(1113,'Shelgon','images/colorless/Shelgon.png',9),(1114,'Swellow','images/colorless/Swellow.png',9),(1115,'Vibrava','images/colorless/Vibrava.png',9),(1116,'Vibrava','images/colorless/Vibrava.png',9),(1117,'Bagon','images/colorless/Bagon.png',9),(1118,'Bagon','images/colorless/Bagon.png',9),(1119,'Pidgey','images/colorless/Pidgey.png',9),(1120,'Swablu','images/colorless/Swablu.png',9),(1121,'Pidgeotto','images/colorless/Pidgeotto.png',9),(1122,'Taillow','images/colorless/Taillow.png',9),(1123,'Pidgeot','images/colorless/Pidgeot.png',9),(1124,'KangaskhanEX','images/colorless/Kangaskhan-EX.png',9),(1125,'MKangaskhanEX','images/colorless/M Kangaskhan-EX.png',9),(1126,'Snorlax','images/colorless/Snorlax.png',9),(1127,'Sentret','images/colorless/Sentret.png',9),(1128,'Furret','images/colorless/Furret.png',9),(1129,'Sylveon','images/fairy/Sylveon.png',10),(1130,'Xerneas','images/fairy/Xerneas.png',10),(1131,'XerneasEX','images/fairy/Xerneas-EX.png',10),(1132,'MawileEX','images/fairy/Mawile-EX.png',10),(1133,'MMawileEX','images/fairy/M Mawile-EX.png',10),(1134,'XerneasEX','images/fairy/Xerneas-EX.png',10),(1135,'Slurpuff','images/fairy/Slurpuff.png',10),(1136,'Xerneas','images/fairy/Xerneas.png',10),(1137,'DiancieEX','images/fairy/Diancie-EX.png',10),(1138,'MDiancieEX','images/fairy/M Diancie-EX.png',10),(1139,'Snubbull','images/fairy/Snubbull.png',10),(1140,'Granbull','images/fairy/Granbull.png',10),(1141,'Swirlix','images/fairy/Swirlix.png',10),(1142,'Jigglypuff','images/fairy/Jigglypuff.png',10),(1143,'Jigglypuff','images/fairy/Jigglypuff.png',10),(1144,'Wigglytuff','images/fairy/Wigglytuff.png',10),(1145,'Wigglytuff','images/fairy/Wigglytuff.png',10),(1146,'MrMime','images/fairy/Mr. Mime.png',10),(1147,'Spritzee','images/fairy/Spritzee.png',10),(1148,'Aromatisse','images/fairy/Aromatisse.png',10),(1149,'Swirlix','images/fairy/Swirlix.png',10),(1150,'Slurpuff','images/fairy/Slurpuff.png',10),(1151,'Xerneas','images/fairy/Xerneas.png',10),(1152,'XerneasEX','images/fairy/Xerneas-EX.png',10),(1153,'XerneasEX','images/fairy/Xerneas-EX.png',10),(1154,'Flabb','images/fairy/Flabb.png',10),(1155,'Flabb','images/fairy/Flabb.png',10),(1156,'Floette','images/fairy/Floette.png',10),(1157,'Floette','images/fairy/Floette.png',10),(1158,'Florges','images/fairy/Florges.png',10),(1159,'Spritzee','images/fairy/Spritzee.png',10),(1160,'Carbink','images/fairy/Carbink.png',10),(1161,'Clefairy','images/fairy/Clefairy.png',10),(1162,'Clefairy','images/fairy/Clefairy.png',10),(1163,'Clefable','images/fairy/Clefable.png',10),(1164,'Sylveon','images/fairy/Sylveon.png',10),(1165,'Klefki','images/fairy/Klefki.png',10),(1166,'FlorgesEX','images/fairy/Florges-EX.png',10),(1167,'Swirlix','images/fairy/Swirlix.png',10),(1168,'Slurpuff','images/fairy/Slurpuff.png',10),(1169,'Dedenne','images/fairy/Dedenne.png',10),(1170,'Diancie','images/fairy/Diancie.png',10),(1171,'FlorgesEX','images/fairy/Florges-EX.png',10),(1172,'MrMime','images/fairy/Mr. Mime.png',10),(1173,'Marill','images/fairy/Marill.png',10),(1174,'Azumarill','images/fairy/Azumarill.png',10),(1175,'Azumarill','images/fairy/Azumarill.png',10),(1176,'GardevoirEX','images/fairy/Gardevoir-EX.png',10),(1177,'MGardevoirEX','images/fairy/M Gardevoir-EX.png',10),(1178,'GardevoirEX','images/fairy/Gardevoir-EX.png',10),(1179,'MGardevoirEX','images/fairy/M Gardevoir-EX.png',10),(1180,'Togepi','images/fairy/Togepi.png',10),(1181,'Togetic','images/fairy/Togetic.png',10),(1182,'Togekiss','images/fairy/Togekiss.png',10),(1183,'Togekiss','images/fairy/Togekiss.png',10),(1184,'Carbink','images/fairy/Carbink.png',10),(1185,'Klefki','images/fairy/Klefki.png',10),(1186,'Ralts','images/fairy/Ralts.png',10),(1187,'Kirlia','images/fairy/Kirlia.png',10),(1188,'Gardevoir','images/fairy/Gardevoir.png',10),(1189,'Cottonee','images/fairy/Cottonee.png',10),(1190,'Whimsicott','images/fairy/Whimsicott.png',10),(1191,'MrMime','images/fairy/Mr. Mime.png',10),(1192,'Snubbull','images/fairy/Snubbull.png',10),(1193,'Granbull','images/fairy/Granbull.png',10),(1194,'Ralts','images/fairy/Ralts.png',10),(1195,'Flabb','images/fairy/Flabb.png',10),(1196,'Floette','images/fairy/Floette.png',10),(1197,'Florges','images/fairy/Florges.png',10),(1198,'FlorgesBREAK','images/fairy/Florges BREAK.png',10),(1199,'Spritzee','images/fairy/Spritzee.png',10),(1200,'Aromatisse','images/fairy/Aromatisse.png',10),(1201,'Xerneas','images/fairy/Xerneas.png',10),(1202,'Clefairy','images/fairy/Clefairy.png',10),(1203,'Clefable','images/fairy/Clefable.png',10),(1204,'TogekissEX','images/fairy/Togekiss-EX.png',10),(1205,'Spritzee','images/fairy/Spritzee.png',10),(1206,'Aromatisse','images/fairy/Aromatisse.png',10),(1207,'Clefairy','images/fairy/Clefairy.png',10),(1208,'Clefable','images/fairy/Clefable.png',10),(1209,'MrMime','images/fairy/Mr. Mime.png',10),(1210,'Jigglypuff','images/fairy/Jigglypuff.png',10),(1211,'Wigglytuff','images/fairy/Wigglytuff.png',10),(1212,'MrMime','images/fairy/Mr. Mime.png',10),(1213,'Snubbull','images/fairy/Snubbull.png',10),(1214,'MAltariaEX','images/fairy/M Altaria-EX.png',10),(1215,'Cottonee','images/fairy/Cottonee.png',10),(1216,'Whimsicott','images/fairy/Whimsicott.png',10),(1217,'DiancieEX','images/fairy/Diancie-EX.png',10),(1218,'MAltariaEX','images/fairy/M Altaria-EX.png',10),(1219,'Flabb','images/fairy/Flabb.png',10),(1220,'Floette','images/fairy/Floette.png',10),(1221,'Swirlix','images/fairy/Swirlix.png',10),(1222,'Slurpuff','images/fairy/Slurpuff.png',10),(1223,'SylveonEX','images/fairy/Sylveon-EX.png',10),(1224,'Diancie','images/fairy/Diancie.png',10),(1225,'GardevoirEX','images/fairy/Gardevoir-EX.png',10),(1226,'MGardevoirEX','images/fairy/M Gardevoir-EX.png',10),(1227,'SylveonEX','images/fairy/Sylveon-EX.png',10),(1228,'Rayquazaex','images/dragon/Rayquaza ex.png',11),(1229,'Altaria','images/dragon/Altaria.png',11),(1230,'Flygon','images/dragon/Flygon.png',11),(1231,'Haxorus','images/dragon/Haxorus.png',11),(1232,'BlackKyurem','images/dragon/Black Kyurem.png',11),(1233,'WhiteKyurem','images/dragon/White Kyurem.png',11),(1234,'BlackKyuremex','images/dragon/Black Kyurem ex.png',11),(1235,'WhiteKyuremex','images/dragon/White Kyurem ex.png',11),(1236,'Druddigon','images/dragon/Druddigon.png',11),(1237,'GarchompEX','images/dragon/Garchomp-EX.png',11),(1238,'Dragalge','images/dragon/Dragalge.png',11),(1239,'Kingdra','images/dragon/Kingdra.png',11),(1240,'Salamence','images/dragon/Salamence.png',11),(1241,'FlygonEX','images/dragon/Flygon-EX.png',11),(1242,'Rayquaza','images/dragon/Rayquaza.png',11),(1243,'TyrantrumEX','images/dragon/Tyrantrum-EX.png',11),(1244,'LatiosEX','images/dragon/Latios-EX.png',11),(1245,'RayquazaEX','images/dragon/Rayquaza-EX.png',11),(1246,'Latias','images/dragon/Latias.png',11),(1247,'Latios','images/dragon/Latios.png',11),(1248,'BlackKyurem','images/dragon/Black Kyurem.png',11),(1249,'WhiteKyurem','images/dragon/White Kyurem.png',11),(1250,'MCharizardEX','images/dragon/M Charizard-EX.png',11),(1251,'Druddigon','images/dragon/Druddigon.png',11),(1252,'Dragalge','images/dragon/Dragalge.png',11),(1253,'Goomy','images/dragon/Goomy.png',11),(1254,'Sliggoo','images/dragon/Sliggoo.png',11),(1255,'Goodra','images/dragon/Goodra.png',11),(1256,'MCharizardEX','images/dragon/M Charizard-EX.png',11),(1257,'DragoniteEX','images/dragon/Dragonite-EX.png',11),(1258,'Vibrava','images/dragon/Vibrava.png',11),(1259,'Flygon','images/dragon/Flygon.png',11),(1260,'Noivern','images/dragon/Noivern.png',11),(1261,'DragoniteEX','images/dragon/Dragonite-EX.png',11),(1262,'Deino','images/dragon/Deino.png',11),(1263,'Zweilous','images/dragon/Zweilous.png',11),(1264,'Hydreigon','images/dragon/Hydreigon.png',11),(1265,'Goomy','images/dragon/Goomy.png',11),(1266,'Sliggoo','images/dragon/Sliggoo.png',11),(1267,'Goodra','images/dragon/Goodra.png',11),(1268,'Kingdra','images/dragon/Kingdra.png',11),(1269,'Kingdra','images/dragon/Kingdra.png',11),(1270,'Vibrava','images/dragon/Vibrava.png',11),(1271,'Flygon','images/dragon/Flygon.png',11),(1272,'Dratini','images/dragon/Dratini.png',11),(1273,'Dragonair','images/dragon/Dragonair.png',11),(1274,'Dragonite','images/dragon/Dragonite.png',11),(1275,'Dragonite','images/dragon/Dragonite.png',11),(1276,'Altaria','images/dragon/Altaria.png',11),(1277,'Bagon','images/dragon/Bagon.png',11),(1278,'Bagon','images/dragon/Bagon.png',11),(1279,'Shelgon','images/dragon/Shelgon.png',11),(1280,'Salamence','images/dragon/Salamence.png',11),(1281,'LatiosEX','images/dragon/Latios-EX.png',11),(1282,'MLatiosEX','images/dragon/M Latios-EX.png',11),(1283,'RayquazaEX','images/dragon/Rayquaza-EX.png',11),(1284,'MRayquazaEX','images/dragon/M Rayquaza-EX.png',11),(1285,'HydreigonEX','images/dragon/Hydreigon-EX.png',11),(1286,'Reshiram','images/dragon/Reshiram.png',11),(1287,'Zekrom','images/dragon/Zekrom.png',11),(1288,'LatiosEX','images/dragon/Latios-EX.png',11),(1289,'MLatiosEX','images/dragon/M Latios-EX.png',11),(1290,'HydreigonEX','images/dragon/Hydreigon-EX.png',11),(1291,'GiratinaEX','images/dragon/Giratina-EX.png',11),(1292,'Goomy','images/dragon/Goomy.png',11),(1293,'Sliggoo','images/dragon/Sliggoo.png',11),(1294,'Goodra','images/dragon/Goodra.png',11),(1295,'GiratinaEX','images/dragon/Giratina-EX.png',11),(1296,'Axew','images/dragon/Axew.png',11),(1297,'Axew','images/dragon/Axew.png',11),(1298,'Fraxure','images/dragon/Fraxure.png',11),(1299,'Haxorus','images/dragon/Haxorus.png',11),(1300,'Noivern','images/dragon/Noivern.png',11),(1301,'NoivernBREAK','images/dragon/Noivern BREAK.png',11),(1302,'Dragalge','images/dragon/Dragalge.png',11),(1303,'KingdraEX','images/dragon/Kingdra-EX.png',11),(1304,'KingdraEX','images/dragon/Kingdra-EX.png',11),(1305,'Altaria','images/dragon/Altaria.png',11),(1306,'RayquazaEX','images/dragon/Rayquaza-EX.png',11),(1307,'Gible','images/dragon/Gible.png',11),(1308,'Gible','images/dragon/Gible.png',11),(1309,'Gabite','images/dragon/Gabite.png',11),(1310,'Gabite','images/dragon/Gabite.png',11),(1311,'Garchomp','images/dragon/Garchomp.png',11),(1312,'Garchomp','images/dragon/Garchomp.png',11),(1313,'GiratinaEX','images/dragon/Giratina-EX.png',11),(1314,'Deino','images/dragon/Deino.png',11),(1315,'Deino','images/dragon/Deino.png',11),(1316,'Zweilous','images/dragon/Zweilous.png',11),(1317,'Zweilous','images/dragon/Zweilous.png',11),(1318,'Hydreigon','images/dragon/Hydreigon.png',11),(1319,'Hydreigon','images/dragon/Hydreigon.png',11),(1320,'RayquazaEX','images/dragon/Rayquaza-EX.png',11),(1321,'GiratinaEX','images/dragon/Giratina-EX.png',11),(1322,'Rayquaza','images/dragon/Rayquaza.png',11),(1323,'Dratini','images/dragon/Dratini.png',11),(1324,'Dratini','images/dragon/Dratini.png',11),(1325,'Dragonair','images/dragon/Dragonair.png',11),(1326,'Dragonair','images/dragon/Dragonair.png',11),(1327,'Dragonite','images/dragon/Dragonite.png',11),(1328,'Bagon','images/dragon/Bagon.png',11),(1329,'Shelgon','images/dragon/Shelgon.png',11),(1330,'Salamence','images/dragon/Salamence.png',11),(1331,'Latias','images/dragon/Latias.png',11),(1332,'Latios','images/dragon/Latios.png',11),(1333,'Rayquaza','images/dragon/Rayquaza.png',11),(1334,'Axew','images/dragon/Axew.png',11),(1335,'Axew','images/dragon/Axew.png',11);
/*!40000 ALTER TABLE `cards` ENABLE KEYS */;
UNLOCK TABLES;

--
-- Table structure for table `deck_cards`
--

DROP TABLE IF EXISTS `deck_cards`;
/*!40101 SET @saved_cs_client     = @@character_set_client */;
/*!40101 SET character_set_client = utf8 */;
CREATE TABLE `deck_cards` (
  `id` int(11) NOT NULL AUTO_INCREMENT,
  `card_id` int(11) NOT NULL,
  `deck_id` int(11) NOT NULL,
  `deck_pos` int(11) DEFAULT NULL,
  PRIMARY KEY (`id`),
  KEY `card_id` (`card_id`),
  KEY `deck_id` (`deck_id`),
  CONSTRAINT `deck_cards_ibfk_1` FOREIGN KEY (`card_id`) REFERENCES `cards` (`id`) ON DELETE CASCADE,
  CONSTRAINT `deck_cards_ibfk_2` FOREIGN KEY (`deck_id`) REFERENCES `decks` (`id`) ON DELETE CASCADE
) ENGINE=InnoDB AUTO_INCREMENT=4 DEFAULT CHARSET=latin1;
/*!40101 SET character_set_client = @saved_cs_client */;

--
-- Dumping data for table `deck_cards`
--

LOCK TABLES `deck_cards` WRITE;
/*!40000 ALTER TABLE `deck_cards` DISABLE KEYS */;
INSERT INTO `deck_cards` VALUES (1,409,1,NULL),(2,410,1,NULL),(3,411,1,NULL);
/*!40000 ALTER TABLE `deck_cards` ENABLE KEYS */;
UNLOCK TABLES;

--
-- Table structure for table `decks`
--

DROP TABLE IF EXISTS `decks`;
/*!40101 SET @saved_cs_client     = @@character_set_client */;
/*!40101 SET character_set_client = utf8 */;
CREATE TABLE `decks` (
  `id` int(11) NOT NULL AUTO_INCREMENT,
  `name` varchar(30) DEFAULT NULL,
  `description` varchar(80) DEFAULT NULL,
  `owner` varchar(16) NOT NULL,
  PRIMARY KEY (`id`),
  KEY `owner` (`owner`),
  CONSTRAINT `decks_ibfk_1` FOREIGN KEY (`owner`) REFERENCES `users` (`username`) ON DELETE CASCADE
) ENGINE=InnoDB AUTO_INCREMENT=2 DEFAULT CHARSET=latin1;
/*!40101 SET character_set_client = @saved_cs_client */;

--
-- Dumping data for table `decks`
--

LOCK TABLES `decks` WRITE;
/*!40000 ALTER TABLE `decks` DISABLE KEYS */;
INSERT INTO `decks` VALUES (1,'myDECK','example description','kyleruss');
/*!40000 ALTER TABLE `decks` ENABLE KEYS */;
UNLOCK TABLES;

--
-- Table structure for table `friends`
--

DROP TABLE IF EXISTS `friends`;
/*!40101 SET @saved_cs_client     = @@character_set_client */;
/*!40101 SET character_set_client = utf8 */;
CREATE TABLE `friends` (
  `id` int(11) NOT NULL AUTO_INCREMENT,
  `friend_a` varchar(16) NOT NULL,
  `friend_b` varchar(16) NOT NULL,
  `confirmed` tinyint(1) DEFAULT '0',
  `friendship_date` datetime DEFAULT CURRENT_TIMESTAMP,
  PRIMARY KEY (`id`),
  KEY `friend_a` (`friend_a`),
  KEY `friend_b` (`friend_b`),
  CONSTRAINT `friends_ibfk_1` FOREIGN KEY (`friend_a`) REFERENCES `users` (`username`) ON DELETE CASCADE,
  CONSTRAINT `friends_ibfk_2` FOREIGN KEY (`friend_b`) REFERENCES `users` (`username`) ON DELETE CASCADE
) ENGINE=InnoDB DEFAULT CHARSET=latin1;
/*!40101 SET character_set_client = @saved_cs_client */;

--
-- Dumping data for table `friends`
--

LOCK TABLES `friends` WRITE;
/*!40000 ALTER TABLE `friends` DISABLE KEYS */;
/*!40000 ALTER TABLE `friends` ENABLE KEYS */;
UNLOCK TABLES;

--
-- Table structure for table `users`
--

DROP TABLE IF EXISTS `users`;
/*!40101 SET @saved_cs_client     = @@character_set_client */;
/*!40101 SET character_set_client = utf8 */;
CREATE TABLE `users` (
  `username` varchar(16) NOT NULL,
  `password` varchar(255) NOT NULL,
  `email` varchar(100) NOT NULL,
  `picture` varchar(255) DEFAULT 'i.imgur.com/N6XWLsy.png',
  `register_date` datetime DEFAULT CURRENT_TIMESTAMP,
  `country` varchar(35) DEFAULT NULL,
  `points` int(11) DEFAULT '0',
  PRIMARY KEY (`username`)
) ENGINE=InnoDB DEFAULT CHARSET=latin1;
/*!40101 SET character_set_client = @saved_cs_client */;

--
-- Dumping data for table `users`
--

LOCK TABLES `users` WRITE;
/*!40000 ALTER TABLE `users` DISABLE KEYS */;
INSERT INTO `users` VALUES ('kyleruss','fgsmg2','kyleruss@gmail.com','i.imgur.com/N6XWLsy.png','2016-05-30 18:58:43',NULL,0),('kyleruss2','kyleruss123','qweqweqweqwe',NULL,NULL,NULL,NULL),('kyleruss3','fgsmg2','kqweqweqeqwe',NULL,NULL,NULL,NULL),('kylerusstest','fgsmg2','qwewqewqe',NULL,NULL,NULL,NULL),('testacc1','fgsmg2','kqwewqe3123',NULL,NULL,NULL,NULL),('testweooo','fgsmg2','qwerqweqweqwe',NULL,NULL,NULL,NULL),('tkqweqwe','fgsmg2','qwekqwe@gmail.com',NULL,NULL,NULL,NULL);
/*!40000 ALTER TABLE `users` ENABLE KEYS */;
UNLOCK TABLES;
/*!40103 SET TIME_ZONE=@OLD_TIME_ZONE */;

/*!40101 SET SQL_MODE=@OLD_SQL_MODE */;
/*!40014 SET FOREIGN_KEY_CHECKS=@OLD_FOREIGN_KEY_CHECKS */;
/*!40014 SET UNIQUE_CHECKS=@OLD_UNIQUE_CHECKS */;
/*!40101 SET CHARACTER_SET_CLIENT=@OLD_CHARACTER_SET_CLIENT */;
/*!40101 SET CHARACTER_SET_RESULTS=@OLD_CHARACTER_SET_RESULTS */;
/*!40101 SET COLLATION_CONNECTION=@OLD_COLLATION_CONNECTION */;
/*!40111 SET SQL_NOTES=@OLD_SQL_NOTES */;

-- Dump completed on 2016-06-02  9:24:09
